-- Data for PRINT_JOB entity
INSERT INTO PRINT_JOB (CUSTOMER_ID, KIOSK_ID, DOCUMENT_ID, TRANSACTION_ID, JOB_DATE, JOB_TIME, JOB_STATUS, NUMBER_OF_COPIES, TOTAL_PRICE, PAGES_PER_SHEET, ROTATION_OPTION, DOUBLE_SIDED_TYPE, PRINT_COLOR, PAGE_RANGE)
VALUES (1, 101, 201, 301, TO_DATE('2023-12-24', 'YYYY-MM-DD'), '12:30:00', 'Pending', 5, 20.50, 2, 90, 'Long edge', 'Color', '7-12');

INSERT INTO PRINT_JOB (CUSTOMER_ID, KIOSK_ID, DOCUMENT_ID, TRANSACTION_ID, JOB_DATE, JOB_TIME, JOB_STATUS, NUMBER_OF_COPIES, TOTAL_PRICE, PAGES_PER_SHEET, ROTATION_OPTION, DOUBLE_SIDED_TYPE, PRINT_COLOR, PAGE_RANGE)
VALUES (2, 102, 202, 302, TO_DATE('2023-12-24', 'YYYY-MM-DD'), '13:45:00', 'Processing', 3, 15.75, 1, 0, 'None', 'Black and White', 'All');
    
INSERT INTO PRINT_JOB (CUSTOMER_ID, KIOSK_ID, DOCUMENT_ID, TRANSACTION_ID, JOB_DATE, JOB_TIME, JOB_STATUS, NUMBER_OF_COPIES, TOTAL_PRICE, PAGES_PER_SHEET, ROTATION_OPTION, DOUBLE_SIDED_TYPE, PRINT_COLOR, PAGE_RANGE)
VALUES (3, 103, 203, 303, TO_DATE('2023-12-24', 'YYYY-MM-DD'), '14:20:00', 'Completed', 10, 40.00, 4, 180, 'Short edge', 'Color', '2-4');

INSERT INTO PRINT_JOB (CUSTOMER_ID, KIOSK_ID, DOCUMENT_ID, TRANSACTION_ID, JOB_DATE, JOB_TIME, JOB_STATUS, NUMBER_OF_COPIES, TOTAL_PRICE, PAGES_PER_SHEET, ROTATION_OPTION, DOUBLE_SIDED_TYPE, PRINT_COLOR, PAGE_RANGE)
VALUES (4, 104, 204, 304, TO_DATE('2023-12-24', 'YYYY-MM-DD'), '15:10:00', 'Pending', 2, 8.00, 1, 0, 'None', 'Black and White', 'All');

INSERT INTO PRINT_JOB (CUSTOMER_ID, KIOSK_ID, DOCUMENT_ID, TRANSACTION_ID, JOB_DATE, JOB_TIME, JOB_STATUS, NUMBER_OF_COPIES, TOTAL_PRICE, PAGES_PER_SHEET, ROTATION_OPTION, DOUBLE_SIDED_TYPE, PRINT_COLOR, PAGE_RANGE)
VALUES (5, 105, 205, 305, TO_DATE('2023-12-24', 'YYYY-MM-DD'), '16:05:00', 'Processing', 8, 32.00, 2, 90, 'Long edge', 'Color', '9-11');

INSERT INTO PRINT_JOB (CUSTOMER_ID, KIOSK_ID, DOCUMENT_ID, TRANSACTION_ID, JOB_DATE, JOB_TIME, JOB_STATUS, NUMBER_OF_COPIES, TOTAL_PRICE, PAGES_PER_SHEET, ROTATION_OPTION, DOUBLE_SIDED_TYPE, PRINT_COLOR, PAGE_RANGE)
VALUES (3, 106, 206, 306, TO_DATE('2023-12-24', 'YYYY-MM-DD'), '17:30:00', 'Completed', 4, 16.00, 1, 0, 'None', 'Black and White', 'All');

INSERT INTO PRINT_JOB (CUSTOMER_ID, KIOSK_ID, DOCUMENT_ID, TRANSACTION_ID, JOB_DATE, JOB_TIME, JOB_STATUS, NUMBER_OF_COPIES, TOTAL_PRICE, PAGES_PER_SHEET, ROTATION_OPTION, DOUBLE_SIDED_TYPE, PRINT_COLOR, PAGE_RANGE)
VALUES (7, 107, 207, 307, TO_DATE('2023-12-24', 'YYYY-MM-DD'), '18:45:00', 'Pending', 6, 24.50, 4, 180, 'Short edge', 'Color', '12-25');

INSERT INTO PRINT_JOB (CUSTOMER_ID, KIOSK_ID, DOCUMENT_ID, TRANSACTION_ID, JOB_DATE, JOB_TIME, JOB_STATUS, NUMBER_OF_COPIES, TOTAL_PRICE, PAGES_PER_SHEET, ROTATION_OPTION, DOUBLE_SIDED_TYPE, PRINT_COLOR, PAGE_RANGE)
VALUES (8, 108, 208, 308, TO_DATE('2023-12-24', 'YYYY-MM-DD'), '19:20:00', 'Processing', 1, 4.00, 1, 0, 'None', 'Black and White', 'All');

INSERT INTO PRINT_JOB (CUSTOMER_ID, KIOSK_ID, DOCUMENT_ID, TRANSACTION_ID, JOB_DATE, JOB_TIME, JOB_STATUS, NUMBER_OF_COPIES, TOTAL_PRICE, PAGES_PER_SHEET, ROTATION_OPTION, DOUBLE_SIDED_TYPE, PRINT_COLOR, PAGE_RANGE)
VALUES (9, 109, 209, 309, TO_DATE('2023-12-24', 'YYYY-MM-DD'), '20:15:00', 'Completed', 7, 28.00, 2, 90, 'Long edge', 'Color', '15-17');

INSERT INTO PRINT_JOB (CUSTOMER_ID, KIOSK_ID, DOCUMENT_ID, TRANSACTION_ID, JOB_DATE, JOB_TIME, JOB_STATUS, NUMBER_OF_COPIES, TOTAL_PRICE, PAGES_PER_SHEET, ROTATION_OPTION, DOUBLE_SIDED_TYPE, PRINT_COLOR, PAGE_RANGE)
VALUES (10, 110, 210, 310, TO_DATE('2023-12-24', 'YYYY-MM-DD'), '21:10:00', 'Pending', 3, 12.00, 1, 0, 'None', 'Black and White', 'All');

INSERT INTO PRINT_JOB (CUSTOMER_ID, KIOSK_ID, DOCUMENT_ID, TRANSACTION_ID, JOB_DATE, JOB_TIME, JOB_STATUS, NUMBER_OF_COPIES, TOTAL_PRICE, PAGES_PER_SHEET, ROTATION_OPTION, DOUBLE_SIDED_TYPE, PRINT_COLOR, PAGE_RANGE)
VALUES (11, 101, 211, 311, TO_DATE('2023-12-25', 'YYYY-MM-DD'), '10:30:00', 'Pending', 5, 20.50, 2, 90, 'Long edge', 'Color', '1-4');

INSERT INTO PRINT_JOB (CUSTOMER_ID, KIOSK_ID, DOCUMENT_ID, TRANSACTION_ID, JOB_DATE, JOB_TIME, JOB_STATUS, NUMBER_OF_COPIES, TOTAL_PRICE, PAGES_PER_SHEET, ROTATION_OPTION, DOUBLE_SIDED_TYPE, PRINT_COLOR, PAGE_RANGE)
VALUES (12, 102, 212, 312, TO_DATE('2023-12-25', 'YYYY-MM-DD'), '11:45:00', 'Processing', 3, 15.75, 1, 0, 'None', 'Black and White', 'All');

INSERT INTO PRINT_JOB (CUSTOMER_ID, KIOSK_ID, DOCUMENT_ID, TRANSACTION_ID, JOB_DATE, JOB_TIME, JOB_STATUS, NUMBER_OF_COPIES, TOTAL_PRICE, PAGES_PER_SHEET, ROTATION_OPTION, DOUBLE_SIDED_TYPE, PRINT_COLOR, PAGE_RANGE)
VALUES (3, 103, 213, 313, TO_DATE('2023-12-25', 'YYYY-MM-DD'), '12:20:00', 'Completed', 10, 40.00, 4, 180, 'Short edge', 'Color', '1-10');

INSERT INTO PRINT_JOB (CUSTOMER_ID, KIOSK_ID, DOCUMENT_ID, TRANSACTION_ID, JOB_DATE, JOB_TIME, JOB_STATUS, NUMBER_OF_COPIES, TOTAL_PRICE, PAGES_PER_SHEET, ROTATION_OPTION, DOUBLE_SIDED_TYPE, PRINT_COLOR, PAGE_RANGE)
VALUES (14, 101, 214, 314, TO_DATE('2023-12-25', 'YYYY-MM-DD'), '13:10:00', 'Pending', 2, 8.00, 1, 0, 'None', 'Black and White', 'All');

INSERT INTO PRINT_JOB (CUSTOMER_ID, KIOSK_ID, DOCUMENT_ID, TRANSACTION_ID, JOB_DATE, JOB_TIME, JOB_STATUS, NUMBER_OF_COPIES, TOTAL_PRICE, PAGES_PER_SHEET, ROTATION_OPTION, DOUBLE_SIDED_TYPE, PRINT_COLOR, PAGE_RANGE)
VALUES (15, 105, 215, 315, TO_DATE('2023-12-25', 'YYYY-MM-DD'), '14:05:00', 'Processing', 8, 32.00, 2, 90, 'Long edge', 'Color', '5-6');

INSERT INTO PRINT_JOB (CUSTOMER_ID, KIOSK_ID, DOCUMENT_ID, TRANSACTION_ID, JOB_DATE, JOB_TIME, JOB_STATUS, NUMBER_OF_COPIES, TOTAL_PRICE, PAGES_PER_SHEET, ROTATION_OPTION, DOUBLE_SIDED_TYPE, PRINT_COLOR, PAGE_RANGE)
VALUES (16, 106, 216, 316, TO_DATE('2023-12-25', 'YYYY-MM-DD'), '15:30:00', 'Completed', 4, 16.00, 1, 0, 'None', 'Black and White', 'All');

INSERT INTO PRINT_JOB (CUSTOMER_ID, KIOSK_ID, DOCUMENT_ID, TRANSACTION_ID, JOB_DATE, JOB_TIME, JOB_STATUS, NUMBER_OF_COPIES, TOTAL_PRICE, PAGES_PER_SHEET, ROTATION_OPTION, DOUBLE_SIDED_TYPE, PRINT_COLOR, PAGE_RANGE)
VALUES (17, 107, 217, 317, TO_DATE('2023-12-25', 'YYYY-MM-DD'), '16:45:00', 'Pending', 6, 24.50, 4, 180, 'Short edge', 'Color', '9-15');

INSERT INTO PRINT_JOB (CUSTOMER_ID, KIOSK_ID, DOCUMENT_ID, TRANSACTION_ID, JOB_DATE, JOB_TIME, JOB_STATUS, NUMBER_OF_COPIES, TOTAL_PRICE, PAGES_PER_SHEET, ROTATION_OPTION, DOUBLE_SIDED_TYPE, PRINT_COLOR, PAGE_RANGE)
VALUES (18, 108, 218, 318, TO_DATE('2023-12-25', 'YYYY-MM-DD'), '17:20:00', 'Processing', 1, 4.00, 1, 0, 'None', 'Black and White', 'All'); 

-- Insert Data for CUSTOMER table
INSERT INTO CUSTOMER (CUSTOMER_ID, CUSTOMER_NAME, CUSTOMER_USERNAME, CUSTOMER_EMAIL, CUSTOMER_PHONE_NO, CUSTOMER_PASSWORD, CUSTOMER_STATUS, CUSTOMER_WORKPLACE, CUSTOMER_DEPARTMENT)
VALUES(1, 'TEE LI SHAN', 'lishan', 'lishan23@gmail.com', 60126557890, 'lishan7890', 'Student', 'Universiti Malaya', 'Faculty of Medicine');

INSERT INTO CUSTOMER (CUSTOMER_ID, CUSTOMER_NAME, CUSTOMER_USERNAME, CUSTOMER_EMAIL, CUSTOMER_PHONE_NO, CUSTOMER_PASSWORD, CUSTOMER_STATUS, CUSTOMER_WORKPLACE, CUSTOMER_DEPARTMENT)
VALUES(2, 'Lonny Anderson', 'lonnyA', 'lonny123@yahoo.com', 601145267384, 'Anderson123', 'Public User', 'Hong Leong Bank', '');

INSERT INTO CUSTOMER (CUSTOMER_ID, CUSTOMER_NAME, CUSTOMER_USERNAME, CUSTOMER_EMAIL, CUSTOMER_PHONE_NO, CUSTOMER_PASSWORD, CUSTOMER_STATUS, CUSTOMER_WORKPLACE, CUSTOMER_DEPARTMENT)
VALUES(3, 'Nur Firzanah Mohd Arsad', 'firzanah', 'firzanaharsad@gmail.com', 60138790070, 'Fir2003', 'Student', 'Universiti Malaya', 'Faculty of Engineering');

INSERT INTO CUSTOMER (CUSTOMER_ID, CUSTOMER_NAME, CUSTOMER_USERNAME, CUSTOMER_EMAIL, CUSTOMER_PHONE_NO, CUSTOMER_PASSWORD, CUSTOMER_STATUS, CUSTOMER_WORKPLACE, CUSTOMER_DEPARTMENT)
VALUES(4, 'Ivan Khirusman', 'vans', 'ivan2004@gmail.com', 60178594305, 'ivanlovemina', 'Student', 'Universiti Malaya', 'Faculty of Engineering');

INSERT INTO CUSTOMER (CUSTOMER_ID, CUSTOMER_NAME, CUSTOMER_USERNAME, CUSTOMER_EMAIL, CUSTOMER_PHONE_NO, CUSTOMER_PASSWORD, CUSTOMER_STATUS, CUSTOMER_WORKPLACE, CUSTOMER_DEPARTMENT)
VALUES(5, 'Aisyah Mardiah', 'aisyah', 'AisyahM@um.edu.my', 60178485622, 'aisyahpass', 'Staff', 'Universiti Malaya', '');

INSERT INTO CUSTOMER (CUSTOMER_ID, CUSTOMER_NAME, CUSTOMER_USERNAME, CUSTOMER_EMAIL, CUSTOMER_PHONE_NO, CUSTOMER_PASSWORD, CUSTOMER_STATUS, CUSTOMER_WORKPLACE, CUSTOMER_DEPARTMENT)
VALUES(6, 'Lee Xin Yuan', 'lxy', 'xinyuanlee@gmail.com', 601117885439, 'leexy2001', 'Student', 'Universiti Malaya', 'Faculty of Law');

INSERT INTO CUSTOMER (CUSTOMER_ID, CUSTOMER_NAME, CUSTOMER_USERNAME, CUSTOMER_EMAIL, CUSTOMER_PHONE_NO, CUSTOMER_PASSWORD, CUSTOMER_STATUS, CUSTOMER_WORKPLACE, CUSTOMER_DEPARTMENT)
VALUES(7, 'Fatima Sawayn', 'tima', 'tima99@gmail.com', 60127889056, 'fatima1999', 'Staff', 'Universiti Sains Islam Malaysia', '');

INSERT INTO CUSTOMER (CUSTOMER_ID, CUSTOMER_NAME, CUSTOMER_USERNAME, CUSTOMER_EMAIL, CUSTOMER_PHONE_NO, CUSTOMER_PASSWORD, CUSTOMER_STATUS, CUSTOMER_WORKPLACE, CUSTOMER_DEPARTMENT)
VALUES(8, 'Muhammad Aidil Nor Fadzli', 'aidil', 'aidilfadzli@gmail.com', 60197668571, 'Muhammadanf', 'Student', 'Universiti Sains Islam Malaysia', 'Faculty of Medicine and Health Sciences');

INSERT INTO CUSTOMER (CUSTOMER_ID, CUSTOMER_NAME, CUSTOMER_USERNAME, CUSTOMER_EMAIL, CUSTOMER_PHONE_NO, CUSTOMER_PASSWORD, CUSTOMER_STATUS, CUSTOMER_WORKPLACE, CUSTOMER_DEPARTMENT)
VALUES(9, 'Aini Izz izyan binti Abd Aziz', 'izyan', 'izyanaini02@gmail.com', 60198667560, 'Ainiizyan2002', 'Student', 'Universiti Sains Islam Malaysia', 'Faculty of Syariah and Law');

INSERT INTO CUSTOMER (CUSTOMER_ID, CUSTOMER_NAME, CUSTOMER_USERNAME, CUSTOMER_EMAIL, CUSTOMER_PHONE_NO, CUSTOMER_PASSWORD, CUSTOMER_STATUS, CUSTOMER_WORKPLACE, CUSTOMER_DEPARTMENT)
VALUES(10, 'Kevin Bard', 'Kevin', 'Kevin1992@gmail.com', 60190927312, 'kevin9292', 'Public User', 'Maxis Innovation Centre', '');

INSERT INTO CUSTOMER (CUSTOMER_ID, CUSTOMER_NAME, CUSTOMER_USERNAME, CUSTOMER_EMAIL, CUSTOMER_PHONE_NO, CUSTOMER_PASSWORD, CUSTOMER_STATUS, CUSTOMER_WORKPLACE, CUSTOMER_DEPARTMENT)
VALUES(11, 'Lim Sin Rhu', 'xinru', 'sinrhul@gmail.com', 60198875497, 'singrhunotxinru', 'Student', 'Universiti Malaya', 'Faculty of Law');

INSERT INTO CUSTOMER (CUSTOMER_ID, CUSTOMER_NAME, CUSTOMER_USERNAME, CUSTOMER_EMAIL, CUSTOMER_PHONE_NO, CUSTOMER_PASSWORD, CUSTOMER_STATUS, CUSTOMER_WORKPLACE, CUSTOMER_DEPARTMENT)
VALUES(12, 'ADRIAN NORIS', 'adrian', 'istriven@yahoo.com', 60133479886, 'istrivenisadrian', 'Staff', 'Shopee', 'Marketing department');

INSERT INTO CUSTOMER (CUSTOMER_ID, CUSTOMER_NAME, CUSTOMER_USERNAME, CUSTOMER_EMAIL, CUSTOMER_PHONE_NO, CUSTOMER_PASSWORD, CUSTOMER_STATUS, CUSTOMER_WORKPLACE, CUSTOMER_DEPARTMENT)
VALUES(13, 'TEE KUN SOON', 'bryan', 'teebryan@gmail.com', 60178323319, 'teekunsoon2002', 'Student', 'Universiti Malaya', 'Faculty of Engineering');

INSERT INTO CUSTOMER (CUSTOMER_ID, CUSTOMER_NAME, CUSTOMER_USERNAME, CUSTOMER_EMAIL, CUSTOMER_PHONE_NO, CUSTOMER_PASSWORD, CUSTOMER_STATUS, CUSTOMER_WORKPLACE, CUSTOMER_DEPARTMENT)
VALUES(14, 'Puteri Batrisya binti Azman', 'puteri', 'puteribatrisya@yahoo.com', 60177652213, 'puterikepadaAzman', 'Staff', 'Universiti Sains Islam malaysia', 'Pusat Keusahawanan dan Pembangunan Pelajar');

INSERT INTO CUSTOMER (CUSTOMER_ID, CUSTOMER_NAME, CUSTOMER_USERNAME, CUSTOMER_EMAIL, CUSTOMER_PHONE_NO, CUSTOMER_PASSWORD, CUSTOMER_STATUS, CUSTOMER_WORKPLACE, CUSTOMER_DEPARTMENT)
VALUES(15, 'Tan Yi Xuan', 'yxtan', 'yxtan@um.edu.my', 60198803477, 'Tanyx17@', 'Staff', 'Universiti Malaya', '');

INSERT INTO CUSTOMER (CUSTOMER_ID, CUSTOMER_NAME, CUSTOMER_USERNAME, CUSTOMER_EMAIL, CUSTOMER_PHONE_NO, CUSTOMER_PASSWORD, CUSTOMER_STATUS, CUSTOMER_WORKPLACE, CUSTOMER_DEPARTMENT)
VALUES(16, 'Akmal Fikri bin Zhamri', 'akmal', 'akmal@yahoo.com', 601117658890, 'fikri2468', 'Student', 'Universiti Sains Islam Malaysia', 'Faculty of Syariah and Law');

INSERT INTO CUSTOMER (CUSTOMER_ID, CUSTOMER_NAME, CUSTOMER_USERNAME, CUSTOMER_EMAIL, CUSTOMER_PHONE_NO, CUSTOMER_PASSWORD, CUSTOMER_STATUS, CUSTOMER_WORKPLACE, CUSTOMER_DEPARTMENT)
VALUES(17, 'Uzair bin Shahar', 'uzair19', 'uzair1819@gmail.com', 60181976602, 'Uzair999@', 'Student', 'Universiti Sains Islam Malaysia', 'Faculty of Science and Technology');

INSERT INTO CUSTOMER (CUSTOMER_ID, CUSTOMER_NAME, CUSTOMER_USERNAME, CUSTOMER_EMAIL, CUSTOMER_PHONE_NO, CUSTOMER_PASSWORD, CUSTOMER_STATUS, CUSTOMER_WORKPLACE, CUSTOMER_DEPARTMENT)
VALUES(18, 'Satish A/L Kumar', 'satish', 'satishkumar@gmail.com', 60178890143, 'satishkumar2000@', 'Student', 'Universiti Malaya', 'Faculty of Engineering');

-- Insert Data for KIOSK table
INSERT INTO KIOSK (KIOSK_ID, RECORD_ID, KIOSK_ADDRESS, KIOSK_STATUS)
VALUES (104, 021, 'Universiti Malaya', 'Active');

INSERT INTO KIOSK (KIOSK_ID, RECORD_ID, KIOSK_ADDRESS, KIOSK_STATUS)
VALUES (102, 022, 'Universiti Malaya', 'Not active');

INSERT INTO KIOSK (KIOSK_ID, RECORD_ID, KIOSK_ADDRESS, KIOSK_STATUS)
VALUES (103, 023, 'Universiti Malaya', 'Active');

INSERT INTO KIOSK (KIOSK_ID, RECORD_ID, KIOSK_ADDRESS, KIOSK_STATUS)
VALUES (101, 024, 'Universiti Malaya', 'Active');

INSERT INTO KIOSK (KIOSK_ID, RECORD_ID, KIOSK_ADDRESS, KIOSK_STATUS)
VALUES (105, 025, 'Universiti Malaya', 'Not active');

INSERT INTO KIOSK (KIOSK_ID, RECORD_ID, KIOSK_ADDRESS, KIOSK_STATUS)
VALUES (106, 026, 'Universiti Utara Malaysia', 'Active');

INSERT INTO KIOSK (KIOSK_ID, RECORD_ID, KIOSK_ADDRESS, KIOSK_STATUS)
VALUES (107, 027, 'Universiti Malaya', 'Active');

INSERT INTO KIOSK (KIOSK_ID, RECORD_ID, KIOSK_ADDRESS, KIOSK_STATUS)
VALUES (108, 028, 'Universiti Malaya', 'Active');

INSERT INTO KIOSK (KIOSK_ID, RECORD_ID, KIOSK_ADDRESS, KIOSK_STATUS)
VALUES (109, 019, 'Universiti Tun Hussein Onn Malaysia', 'Not active');

INSERT INTO KIOSK (KIOSK_ID, RECORD_ID, KIOSK_ADDRESS, KIOSK_STATUS)
VALUES (110, 020, 'Universiti Malaya', 'Active');

INSERT INTO KIOSK (KIOSK_ID, RECORD_ID, KIOSK_ADDRESS, KIOSK_STATUS)
VALUES (118, 011, 'Universiti Malaya', 'Not active');

INSERT INTO KIOSK (KIOSK_ID, RECORD_ID, KIOSK_ADDRESS, KIOSK_STATUS)
VALUES (111, 012, 'Universiti Utara Malaysia', 'Active');

INSERT INTO KIOSK (KIOSK_ID, RECORD_ID, KIOSK_ADDRESS, KIOSK_STATUS)
VALUES (117, 013, 'Universiti Malaya', 'Active');

INSERT INTO KIOSK (KIOSK_ID, RECORD_ID, KIOSK_ADDRESS, KIOSK_STATUS)
VALUES (113, 014, 'Universiti Sains Islam Malaysia', 'Active');

INSERT INTO KIOSK (KIOSK_ID, RECORD_ID, KIOSK_ADDRESS, KIOSK_STATUS)
VALUES (115, 015, 'Universiti Tun Hussein Onn Malaysia', 'Active');

INSERT INTO KIOSK (KIOSK_ID, RECORD_ID, KIOSK_ADDRESS, KIOSK_STATUS)
VALUES (116, 016, 'Universiti Malaya', 'Active');

INSERT INTO KIOSK (KIOSK_ID, RECORD_ID, KIOSK_ADDRESS, KIOSK_STATUS)
VALUES (112, 017, 'Universiti Malaya', 'Active');

INSERT INTO KIOSK (KIOSK_ID, RECORD_ID, KIOSK_ADDRESS, KIOSK_STATUS)
VALUES (114, 018, 'Universiti Sains Islam Malaysia', 'Active');

-- Data for DOCUMENT entity
-- DOCUMENT TABLE
INSERT INTO DOCUMENT (DOCUMENT_ID, DOCUMENT_NAME, DOCUMENT_SIZE, DATE_UPLOADED)
VALUES (202, 'Report_003.txt', 512, TO_DATE('2023-01-14', 'YYYY-MM-DD'));

INSERT INTO DOCUMENT (DOCUMENT_ID, DOCUMENT_NAME, DOCUMENT_SIZE, DATE_UPLOADED)
VALUES (203, 'Presentation_004.pptx', 4096, TO_DATE('2023-01-15', 'YYYY-MM-DD'));

INSERT INTO DOCUMENT (DOCUMENT_ID, DOCUMENT_NAME, DOCUMENT_SIZE, DATE_UPLOADED)
VALUES (204, 'Contract_005.pdf', 8192, TO_DATE('2023-01-16', 'YYYY-MM-DD'));

INSERT INTO DOCUMENT (DOCUMENT_ID, DOCUMENT_NAME, DOCUMENT_SIZE, DATE_UPLOADED)
VALUES (205, 'Spreadsheet_006.xlsx', 10240, TO_DATE('2023-01-17', 'YYYY-MM-DD'));

INSERT INTO DOCUMENT (DOCUMENT_ID, DOCUMENT_NAME, DOCUMENT_SIZE, DATE_UPLOADED)
VALUES (206, 'Photo_007.jpg', 2048, TO_DATE('2023-01-18', 'YYYY-MM-DD'));

INSERT INTO DOCUMENT (DOCUMENT_ID, DOCUMENT_NAME, DOCUMENT_SIZE, DATE_UPLOADED)
VALUES (207, 'Proposal_008.doc', 3072, TO_DATE('2023-01-19', 'YYYY-MM-DD'));

INSERT INTO DOCUMENT (DOCUMENT_ID, DOCUMENT_NAME, DOCUMENT_SIZE, DATE_UPLOADED)
VALUES (208, 'Diagram_009.png', 6144, TO_DATE('2023-01-20', 'YYYY-MM-DD'));

INSERT INTO DOCUMENT (DOCUMENT_ID, DOCUMENT_NAME, DOCUMENT_SIZE, DATE_UPLOADED)
VALUES (209, 'Manual_010.pdf', 4096, TO_DATE('2023-01-21', 'YYYY-MM-DD'));

INSERT INTO DOCUMENT (DOCUMENT_ID, DOCUMENT_NAME, DOCUMENT_SIZE, DATE_UPLOADED)
VALUES (210, 'Invoice_011.pdf', 5120, TO_DATE('2023-01-22', 'YYYY-MM-DD'));

INSERT INTO DOCUMENT (DOCUMENT_ID, DOCUMENT_NAME, DOCUMENT_SIZE, DATE_UPLOADED)
VALUES (211, 'Receipt_012.docx', 7168, TO_DATE('2023-01-23', 'YYYY-MM-DD'));

INSERT INTO DOCUMENT (DOCUMENT_ID, DOCUMENT_NAME, DOCUMENT_SIZE, DATE_UPLOADED)
VALUES (212, 'Note_013.txt', 1024, TO_DATE('2023-01-24', 'YYYY-MM-DD'));

INSERT INTO DOCUMENT (DOCUMENT_ID, DOCUMENT_NAME, DOCUMENT_SIZE, DATE_UPLOADED)
VALUES (213, 'Plan_014.xlsx', 2048, TO_DATE('2023-01-25', 'YYYY-MM-DD'));

INSERT INTO DOCUMENT (DOCUMENT_ID, DOCUMENT_NAME, DOCUMENT_SIZE, DATE_UPLOADED)
VALUES (214, 'Agreement_015.pdf', 3072, TO_DATE('2023-01-26', 'YYYY-MM-DD'));

INSERT INTO DOCUMENT (DOCUMENT_ID, DOCUMENT_NAME, DOCUMENT_SIZE, DATE_UPLOADED)
VALUES (215, 'Design_016.pptx', 5120, TO_DATE('2023-01-27', 'YYYY-MM-DD'));

INSERT INTO DOCUMENT (DOCUMENT_ID, DOCUMENT_NAME, DOCUMENT_SIZE, DATE_UPLOADED)
VALUES (216, 'Manual_017.doc', 10240, TO_DATE('2023-01-28', 'YYYY-MM-DD'));

INSERT INTO DOCUMENT (DOCUMENT_ID, DOCUMENT_NAME, DOCUMENT_SIZE, DATE_UPLOADED)
VALUES (217, 'Photo_018.jpg', 2048, TO_DATE('2023-01-29', 'YYYY-MM-DD'));

INSERT INTO DOCUMENT (DOCUMENT_ID, DOCUMENT_NAME, DOCUMENT_SIZE, DATE_UPLOADED)
VALUES (218, 'Report_019.txt', 3072, TO_DATE('2023-01-30', 'YYYY-MM-DD'));

-- Data for TRANSACTION_HISTORY
INSERT INTO TRANSACTION_HISTORY (TRANSACTION_ID, TRANSACTION_METHOD, TRANSACTION_AMOUNT, TRANSACTION_STATUS, TRANSACTION_DATE, TRANSACTION_TIME)
VALUES (301, 'e_wallet', 75.50, 'Pending', TO_DATE('2023-04-13', 'YYYY-MM-DD'), '15:45:00');

INSERT INTO TRANSACTION_HISTORY (TRANSACTION_ID, TRANSACTION_METHOD, TRANSACTION_AMOUNT, TRANSACTION_STATUS, TRANSACTION_DATE, TRANSACTION_TIME)
VALUES (302, 'credit_card', 120.75, 'Completed', TO_DATE('2023-01-14', 'YYYY-MM-DD'), '14:15:00');

INSERT INTO TRANSACTION_HISTORY (TRANSACTION_ID, TRANSACTION_METHOD, TRANSACTION_AMOUNT, TRANSACTION_STATUS, TRANSACTION_DATE, TRANSACTION_TIME)
VALUES (303, 'e_wallet_Zassprint', 50.25, 'Failed', TO_DATE('2023-01-15', 'YYYY-MM-DD'), '18:30:00');

INSERT INTO TRANSACTION_HISTORY (TRANSACTION_ID, TRANSACTION_METHOD, TRANSACTION_AMOUNT, TRANSACTION_STATUS, TRANSACTION_DATE, TRANSACTION_TIME)
VALUES (304, 'online_banking', 200.50, 'Pending', TO_DATE('2023-01-16', 'YYYY-MM-DD'), '10:00:00');

INSERT INTO TRANSACTION_HISTORY (TRANSACTION_ID, TRANSACTION_METHOD, TRANSACTION_AMOUNT, TRANSACTION_STATUS, TRANSACTION_DATE, TRANSACTION_TIME)
VALUES (305, 'credit_card', 30.00, 'Completed', TO_DATE('2023-01-17', 'YYYY-MM-DD'), '16:45:00');

INSERT INTO TRANSACTION_HISTORY (TRANSACTION_ID, TRANSACTION_METHOD, TRANSACTION_AMOUNT, TRANSACTION_STATUS, TRANSACTION_DATE, TRANSACTION_TIME)
VALUES (306, 'e_wallet', 80.90, 'Failed', TO_DATE('2023-01-18', 'YYYY-MM-DD'), '11:30:00');

INSERT INTO TRANSACTION_HISTORY (TRANSACTION_ID, TRANSACTION_METHOD, TRANSACTION_AMOUNT, TRANSACTION_STATUS, TRANSACTION_DATE, TRANSACTION_TIME)
VALUES (367, 'e_wallet_Zassprint', 15.75, 'Completed', TO_DATE('2023-01-19', 'YYYY-MM-DD'), '09:15:00');

INSERT INTO TRANSACTION_HISTORY (TRANSACTION_ID, TRANSACTION_METHOD, TRANSACTION_AMOUNT, TRANSACTION_STATUS, TRANSACTION_DATE, TRANSACTION_TIME)
VALUES (338, 'credit_card', 300.00, 'Pending', TO_DATE('2023-01-20', 'YYYY-MM-DD'), '13:00:00');

INSERT INTO TRANSACTION_HISTORY (TRANSACTION_ID, TRANSACTION_METHOD, TRANSACTION_AMOUNT, TRANSACTION_STATUS, TRANSACTION_DATE, TRANSACTION_TIME)
VALUES (309, 'online_banking', 45.25, 'Failed', TO_DATE('2023-01-21', 'YYYY-MM-DD'), '17:30:00');

INSERT INTO TRANSACTION_HISTORY (TRANSACTION_ID, TRANSACTION_METHOD, TRANSACTION_AMOUNT, TRANSACTION_STATUS, TRANSACTION_DATE, TRANSACTION_TIME)
VALUES (310, 'e_wallet', 99.99, 'Completed', TO_DATE('2023-01-22', 'YYYY-MM-DD'), '08:45:00');

INSERT INTO TRANSACTION_HISTORY (TRANSACTION_ID, TRANSACTION_METHOD, TRANSACTION_AMOUNT, TRANSACTION_STATUS, TRANSACTION_DATE, TRANSACTION_TIME)
VALUES (311, 'credit_card', 180.50, 'Pending', TO_DATE('2023-01-23', 'YYYY-MM-DD'), '12:15:00');

INSERT INTO TRANSACTION_HISTORY (TRANSACTION_ID, TRANSACTION_METHOD, TRANSACTION_AMOUNT, TRANSACTION_STATUS, TRANSACTION_DATE, TRANSACTION_TIME)
VALUES (312, 'e_wallet_Zassprint', 10.00, 'Failed', TO_DATE('2023-01-24', 'YYYY-MM-DD'), '19:00:00');

INSERT INTO TRANSACTION_HISTORY (TRANSACTION_ID, TRANSACTION_METHOD, TRANSACTION_AMOUNT, TRANSACTION_STATUS, TRANSACTION_DATE, TRANSACTION_TIME)
VALUES (323, 'online_banking', 120.75, 'Completed', TO_DATE('2023-01-25', 'YYYY-MM-DD'), '14:30:00');

INSERT INTO TRANSACTION_HISTORY (TRANSACTION_ID, TRANSACTION_METHOD, TRANSACTION_AMOUNT, TRANSACTION_STATUS, TRANSACTION_DATE, TRANSACTION_TIME)
VALUES (344, 'credit_card', 75.25, 'Failed', TO_DATE('2023-01-26', 'YYYY-MM-DD'), '16:00:00');

INSERT INTO TRANSACTION_HISTORY (TRANSACTION_ID, TRANSACTION_METHOD, TRANSACTION_AMOUNT, TRANSACTION_STATUS, TRANSACTION_DATE, TRANSACTION_TIME)
VALUES (325, 'e_wallet', 25.50, 'Completed', TO_DATE('2023-01-27', 'YYYY-MM-DD'), '09:45:00');

INSERT INTO TRANSACTION_HISTORY (TRANSACTION_ID, TRANSACTION_METHOD, TRANSACTION_AMOUNT, TRANSACTION_STATUS, TRANSACTION_DATE, TRANSACTION_TIME)
VALUES (356, 'e_wallet_Zassprint', 200.00, 'Pending', TO_DATE('2023-01-28', 'YYYY-MM-DD'), '11:45:00');

INSERT INTO TRANSACTION_HISTORY (TRANSACTION_ID, TRANSACTION_METHOD, TRANSACTION_AMOUNT, TRANSACTION_STATUS, TRANSACTION_DATE, TRANSACTION_TIME)
VALUES (327, 'online_banking', 60.00, 'Completed', TO_DATE('2023-01-29', 'YYYY-MM-DD'), '13:45:00');

INSERT INTO TRANSACTION_HISTORY (TRANSACTION_ID, TRANSACTION_METHOD, TRANSACTION_AMOUNT, TRANSACTION_STATUS, TRANSACTION_DATE, TRANSACTION_TIME)
VALUES (343, 'credit_card', 150.00, 'Pending', TO_DATE('2023-01-30', 'YYYY-MM-DD'), '15:45:00');

-- Insert data into ADMINISTRATOR entity

INSERT INTO ADMINISTRATOR (
    ADMIN_ID, ADMIN_NAME, ADMIN_ADDRESS, ADMIN_POSITION, ADMIN_ACCESS_LEVEL)
    VALUES (751, 'HONG CHEW', 'PETALING JAYA, SELANGOR', 'MANAGER', 'EXPERIENCED');
INSERT INTO ADMINISTRATOR (
    ADMIN_ID, ADMIN_NAME, ADMIN_ADDRESS, ADMIN_POSITION, ADMIN_ACCESS_LEVEL)
    VALUES (537, 'AGNES NORIS', 'CHERAS, SELANGOR', 'CHEIF ADMIN', 'EXPERIENCED');
INSERT INTO ADMINISTRATOR (
    ADMIN_ID, ADMIN_NAME, ADMIN_ADDRESS, ADMIN_POSITION, ADMIN_ACCESS_LEVEL)
    VALUES (018, 'TERRENCE TAN', 'BANGSAR, KUALA LUMPUR', 'JUNIOR ADMIN', 'ENTRY');
INSERT INTO ADMINISTRATOR (
    ADMIN_ID, ADMIN_NAME, ADMIN_ADDRESS, ADMIN_POSITION, ADMIN_ACCESS_LEVEL)
    VALUES (410, 'ROSLIN SUDIRMAN', 'JINJANG, KUALA LUMPUR', 'INTERN', 'ENTRY');
INSERT INTO ADMINISTRATOR (
    ADMIN_ID, ADMIN_NAME, ADMIN_ADDRESS, ADMIN_POSITION, ADMIN_ACCESS_LEVEL)
    VALUES (907, 'V.T.RAJAKUMAR', 'JASIN, MELAKA', 'SERVICE DIRECTOR', 'EXPERIENCED');
INSERT INTO ADMINISTRATOR (
    ADMIN_ID, ADMIN_NAME, ADMIN_ADDRESS, ADMIN_POSITION, ADMIN_ACCESS_LEVEL)
    VALUES (552, 'NUR FIRZANAH ARSAD', 'AMPANG, SELANGOR', 'ADMIN ASSISTANT', 'MID');
INSERT INTO ADMINISTRATOR (
    ADMIN_ID, ADMIN_NAME, ADMIN_ADDRESS, ADMIN_POSITION, ADMIN_ACCESS_LEVEL)
    VALUES (220, 'LOH POOI HUA', 'KAMPAR, PERAK', 'ADMIN DIRECTOR', 'EXPERIENCED');
INSERT INTO ADMINISTRATOR (
    ADMIN_ID, ADMIN_NAME, ADMIN_ADDRESS, ADMIN_POSITION, ADMIN_ACCESS_LEVEL)
    VALUES (812, 'KEVIN HO TZE WAN', 'SIBU, SARAWAK', 'HEAD OF ADMIN', 'EXPERIENCED');
INSERT INTO ADMINISTRATOR (
    ADMIN_ID, ADMIN_NAME, ADMIN_ADDRESS, ADMIN_POSITION, ADMIN_ACCESS_LEVEL)
    VALUES (612, 'JOHN BASHAH', 'KLANG, SELANGOR', 'ASSISTANT MANAGER', 'MID');
INSERT INTO ADMINISTRATOR (
    ADMIN_ID, ADMIN_NAME, ADMIN_ADDRESS, ADMIN_POSITION, ADMIN_ACCESS_LEVEL)
    VALUES (773, 'ISHWARI MANI', 'BAYAN LEPAS, PENANG', 'ADMIN ANALYST', 'MID');
INSERT INTO ADMINISTRATOR (
    ADMIN_ID, ADMIN_NAME, ADMIN_ADDRESS, ADMIN_POSITION, ADMIN_ACCESS_LEVEL)
    VALUES (018, 'UZAIR FASHA', 'SEPUTEH, KUALA LUMPUR', 'ADMIN SPECIALIST', 'EXPERIENCED');

-- Insert data into REPORT_SYSTEM entity
INSERT INTO REPORT_SYSTEM(
    RECORD_ID, RECORD_DATE, TOTAL_PRINT_JOBS, TOTAL_SALES, TOTAL_PAPER_USE)
    VALUES ('010', '15/12/2022', '1825', '3500.67', '2510');
INSERT INTO REPORT_SYSTEM(
    RECORD_ID, RECORD_DATE, TOTAL_PRINT_JOBS, TOTAL_SALES, TOTAL_PAPER_USE)
    VALUES ('011', '31/01/2023', '2714', '4189.77', '3621');
INSERT INTO REPORT_SYSTEM(
    RECORD_ID, RECORD_DATE, TOTAL_PRINT_JOBS, TOTAL_SALES, TOTAL_PAPER_USE)
    VALUES ('012', '28/02/2023', '1404', '3374.05', '1982');
INSERT INTO REPORT_SYSTEM(
    RECORD_ID, RECORD_DATE, TOTAL_PRINT_JOBS, TOTAL_SALES, TOTAL_PAPER_USE)
    VALUES ('013', '31/03/2023', '2100', '4712.00', '3256');
INSERT INTO REPORT_SYSTEM(
    RECORD_ID, RECORD_DATE, TOTAL_PRINT_JOBS, TOTAL_SALES, TOTAL_PAPER_USE)
    VALUES ('014', '30/04/2023', '1020', '2585.36', '1406');
INSERT INTO REPORT_SYSTEM(
    RECORD_ID, RECORD_DATE, TOTAL_PRINT_JOBS, TOTAL_SALES, TOTAL_PAPER_USE)
    VALUES ('015', '31/05/2023', '3521', '5217.64', '3985');
INSERT INTO REPORT_SYSTEM(
    RECORD_ID, RECORD_DATE, TOTAL_PRINT_JOBS, TOTAL_SALES, TOTAL_PAPER_USE)
    VALUES ('016', '30/06/2023', '1578', '3485.22', '2511');
INSERT INTO REPORT_SYSTEM(
    RECORD_ID, RECORD_DATE, TOTAL_PRINT_JOBS, TOTAL_SALES, TOTAL_PAPER_USE)
    VALUES ('017', '31/07/2023', '541', '1021.06', '700');
INSERT INTO REPORT_SYSTEM(
    RECORD_ID, RECORD_DATE, TOTAL_PRINT_JOBS, TOTAL_SALES, TOTAL_PAPER_USE)
    VALUES ('018', '30/08/2023', '241', '954.25', '279');
INSERT INTO REPORT_SYSTEM(
    RECORD_ID, RECORD_DATE, TOTAL_PRINT_JOBS, TOTAL_SALES, TOTAL_PAPER_USE)
    VALUES ('019', '30/09/2023', '199', '842.32', '210');
INSERT INTO REPORT_SYSTEM(
    RECORD_ID, RECORD_DATE, TOTAL_PRINT_JOBS, TOTAL_SALES, TOTAL_PAPER_USE)
    VALUES ('020', '31/10/2023', '2014', '3958.50', '3310');
INSERT INTO REPORT_SYSTEM(
    RECORD_ID, RECORD_DATE, TOTAL_PRINT_JOBS, TOTAL_SALES, TOTAL_PAPER_USE)
    VALUES ('021', '30/11/2023', '2654', '3926.12', '3215');
INSERT INTO REPORT_SYSTEM(
    RECORD_ID, RECORD_DATE, TOTAL_PRINT_JOBS, TOTAL_SALES, TOTAL_PAPER_USE)
    VALUES ('022', '31/12/2023', '1485', '3448.00', '2540');
INSERT INTO REPORT_SYSTEM(
    RECORD_ID, RECORD_DATE, TOTAL_PRINT_JOBS, TOTAL_SALES, TOTAL_PAPER_USE)
    VALUES ('023', '30/06/2022', '1923', '3662.84', '2887');
INSERT INTO REPORT_SYSTEM(
    RECORD_ID, RECORD_DATE, TOTAL_PRINT_JOBS, TOTAL_SALES, TOTAL_PAPER_USE)
    VALUES ('024', '31/07/2022', '521', '995.71', '656');
INSERT INTO REPORT_SYSTEM(
    RECORD_ID, RECORD_DATE, TOTAL_PRINT_JOBS, TOTAL_SALES, TOTAL_PAPER_USE)
    VALUES ('025', '31/08/2022', '201', '843.35', '251');
INSERT INTO REPORT_SYSTEM(
    RECORD_ID, RECORD_DATE, TOTAL_PRINT_JOBS, TOTAL_SALES, TOTAL_PAPER_USE)
    VALUES ('026', '30/09/2022', '176', '640.99', '203');
INSERT INTO REPORT_SYSTEM(
    RECORD_ID, RECORD_DATE, TOTAL_PRINT_JOBS, TOTAL_SALES, TOTAL_PAPER_USE)
    VALUES ('027', '31/10/2022', '2111', '4001.10', '3555');
INSERT INTO REPORT_SYSTEM(
    RECORD_ID, RECORD_DATE, TOTAL_PRINT_JOBS, TOTAL_SALES, TOTAL_PAPER_USE)
    VALUES ('028', '30/11/2022', '3001', '4999.82', '3101');

-- Data for KIOSK_USAGE entity
INSERT INTO KIOSK_USAGE (CUSTOMER_ID, KIOSK_ID, TRANSACTION_ID, ACCESS_DATE, ACCESS_TIME, LOGOUT_TIME, KIOSK_USAGE_DURATION)
VALUES (2, 102, 302, TO_DATE('2023-12-24', 'YYYY-MM-DD'), '13:45:00', 'XX:XX:XX','00:00:00');

INSERT INTO KIOSK_USAGE (CUSTOMER_ID, KIOSK_ID, TRANSACTION_ID, ACCESS_DATE, ACCESS_TIME, LOGOUT_TIME, KIOSK_USAGE_DURATION)
VALUES (3, 103, 303, TO_DATE('2023-12-24', 'YYYY-MM-DD'), '14:18:00', '14:21:00','00:03:00');

INSERT INTO KIOSK_USAGE (CUSTOMER_ID, KIOSK_ID, TRANSACTION_ID, ACCESS_DATE, ACCESS_TIME, LOGOUT_TIME, KIOSK_USAGE_DURATION)
VALUES (5, 105, 305, TO_DATE('2023-12-24', 'YYYY-MM-DD'), '16:04:00', 'XX:XX:XX','00:00:00');

INSERT INTO KIOSK_USAGE (CUSTOMER_ID, KIOSK_ID, TRANSACTION_ID, ACCESS_DATE, ACCESS_TIME, LOGOUT_TIME, KIOSK_USAGE_DURATION)
VALUES (3, 106, 306, TO_DATE('2023-12-24', 'YYYY-MM-DD'), '17:28:00', '17:32:00','00:03:00');

INSERT INTO KIOSK_USAGE (CUSTOMER_ID, KIOSK_ID, TRANSACTION_ID, ACCESS_DATE, ACCESS_TIME, LOGOUT_TIME, KIOSK_USAGE_DURATION)
VALUES (8, 108, 308, TO_DATE('2023-12-24', 'YYYY-MM-DD'), '19:18:00', 'XX:XX:XX','00:00:00');

INSERT INTO KIOSK_USAGE (CUSTOMER_ID, KIOSK_ID, TRANSACTION_ID, ACCESS_DATE, ACCESS_TIME, LOGOUT_TIME, KIOSK_USAGE_DURATION)
VALUES (9, 109, 309, TO_DATE('2023-12-24', 'YYYY-MM-DD'), '20:12:00', '20:16:00','00:04:00');

INSERT INTO KIOSK_USAGE (CUSTOMER_ID, KIOSK_ID, TRANSACTION_ID, ACCESS_DATE, ACCESS_TIME, LOGOUT_TIME, KIOSK_USAGE_DURATION)
VALUES (12, 102, 312, TO_DATE('2023-12-25', 'YYYY-MM-DD'), '11:43:00', 'XX:XX:XX','00:00:00');

INSERT INTO KIOSK_USAGE (CUSTOMER_ID, KIOSK_ID, TRANSACTION_ID, ACCESS_DATE, ACCESS_TIME, LOGOUT_TIME, KIOSK_USAGE_DURATION)
VALUES (3, 103, 313, TO_DATE('2023-12-25', 'YYYY-MM-DD'), '12:18:00', '12:22:00','00:04:00');

INSERT INTO KIOSK_USAGE (CUSTOMER_ID, KIOSK_ID, TRANSACTION_ID, ACCESS_DATE, ACCESS_TIME, LOGOUT_TIME, KIOSK_USAGE_DURATION)
VALUES (15, 105, 315, TO_DATE('2023-12-25', 'YYYY-MM-DD'), '14:05:00', 'XX:XX:XX','00:00:00');

INSERT INTO KIOSK_USAGE (CUSTOMER_ID, KIOSK_ID, TRANSACTION_ID, ACCESS_DATE, ACCESS_TIME, LOGOUT_TIME, KIOSK_USAGE_DURATION)
VALUES (16, 106, 316, TO_DATE('2023-12-25', 'YYYY-MM-DD'), '15:28:00', '15:31:00','00:03:00');

INSERT INTO KIOSK_USAGE (CUSTOMER_ID, KIOSK_ID, TRANSACTION_ID, ACCESS_DATE, ACCESS_TIME, LOGOUT_TIME, KIOSK_USAGE_DURATION)
VALUES (18, 108, 318, TO_DATE('2023-12-25', 'YYYY-MM-DD'), '17:15:00', '17:21:00','00:06:00');