-- Data for PRINT_JOB entity
INSERT INTO PRINT_JOB (CUSTOMER_ID, KIOSK_ID, DOCUMENT_ID, TRANSACTION_ID, JOB_DATE, JOB_TIME, JOB_STATUS, NUMBER_OF_COPIES, TOTAL_PRICE, PAGES_PER_SHEET, ROTATION_OPTION, DOUBLE_SIDED_TYPE, PRINT_COLOR, PAGE_RANGE)
VALUES (1, 101, 201, 301, TO_DATE('2023-12-24', 'YYYY-MM-DD'), '12:30:00', 'Pending', 5, 20.50, 2, 90, 'Long edge', 'Color', '7-12');

INSERT INTO PRINT_JOB (CUSTOMER_ID, KIOSK_ID, DOCUMENT_ID, TRANSACTION_ID, JOB_DATE, JOB_TIME, JOB_STATUS, NUMBER_OF_COPIES, TOTAL_PRICE, PAGES_PER_SHEET, ROTATION_OPTION, DOUBLE_SIDED_TYPE, PRINT_COLOR, PAGE_RANGE)
VALUES (2, 102, 202, 302, TO_DATE('2023-12-24', 'YYYY-MM-DD'), '13:45:00', 'Processing', 3, 15.75, 1, 0, 'None', 'Black and White', 'All');
    
INSERT INTO PRINT_JOB (CUSTOMER_ID, KIOSK_ID, DOCUMENT_ID, TRANSACTION_ID, JOB_DATE, JOB_TIME, JOB_STATUS, NUMBER_OF_COPIES, TOTAL_PRICE, PAGES_PER_SHEET, ROTATION_OPTION, DOUBLE_SIDED_TYPE, PRINT_COLOR, PAGE_RANGE)
VALUES (3, 103, 203, 303, TO_DATE('2023-12-24', 'YYYY-MM-DD'), '14:20:00', 'Completed', 10, 40.00, 4, 180, 'Short edge', 'Color', '2-4');

INSERT INTO PRINT_JOB (CUSTOMER_ID, KIOSK_ID, DOCUMENT_ID, TRANSACTION_ID, JOB_DATE, JOB_TIME, JOB_STATUS, NUMBER_OF_COPIES, TOTAL_PRICE, PAGES_PER_SHEET, ROTATION_OPTION, DOUBLE_SIDED_TYPE, PRINT_COLOR, PAGE_RANGE)
VALUES (4, 104, 204, 304, TO_DATE('2023-12-24', 'YYYY-MM-DD'), '15:10:00', 'Pending', 2, 8.00, 1, 0, 'None', 'Black and White', 'All');

INSERT INTO PRINT_JOB (CUSTOMER_ID, KIOSK_ID, DOCUMENT_ID, TRANSACTION_ID, JOB_DATE, JOB_TIME, JOB_STATUS, NUMBER_OF_COPIES, TOTAL_PRICE, PAGES_PER_SHEET, ROTATION_OPTION, DOUBLE_SIDED_TYPE, PRINT_COLOR, PAGE_RANGE)
VALUES (5, 105, 205, 305, TO_DATE('2023-12-24', 'YYYY-MM-DD'), '16:05:00', 'Processing', 8, 32.00, 2, 90, 'Long edge', 'Color', '9-11');

INSERT INTO PRINT_JOB (CUSTOMER_ID, KIOSK_ID, DOCUMENT_ID, TRANSACTION_ID, JOB_DATE, JOB_TIME, JOB_STATUS, NUMBER_OF_COPIES, TOTAL_PRICE, PAGES_PER_SHEET, ROTATION_OPTION, DOUBLE_SIDED_TYPE, PRINT_COLOR, PAGE_RANGE)
VALUES (3, 106, 206, 306, TO_DATE('2023-12-24', 'YYYY-MM-DD'), '17:30:00', 'Completed', 4, 16.00, 1, 0, 'None', 'Black and White', 'All');

INSERT INTO PRINT_JOB (CUSTOMER_ID, KIOSK_ID, DOCUMENT_ID, TRANSACTION_ID, JOB_DATE, JOB_TIME, JOB_STATUS, NUMBER_OF_COPIES, TOTAL_PRICE, PAGES_PER_SHEET, ROTATION_OPTION, DOUBLE_SIDED_TYPE, PRINT_COLOR, PAGE_RANGE)
VALUES (7, 107, 207, 307, TO_DATE('2023-12-24', 'YYYY-MM-DD'), '18:45:00', 'Pending', 6, 24.50, 4, 180, 'Short edge', 'Color', '12-25');

INSERT INTO PRINT_JOB (CUSTOMER_ID, KIOSK_ID, DOCUMENT_ID, TRANSACTION_ID, JOB_DATE, JOB_TIME, JOB_STATUS, NUMBER_OF_COPIES, TOTAL_PRICE, PAGES_PER_SHEET, ROTATION_OPTION, DOUBLE_SIDED_TYPE, PRINT_COLOR, PAGE_RANGE)
VALUES (8, 108, 208, 308, TO_DATE('2023-12-24', 'YYYY-MM-DD'), '19:20:00', 'Processing', 1, 4.00, 1, 0, 'None', 'Black and White', 'All');

INSERT INTO PRINT_JOB (CUSTOMER_ID, KIOSK_ID, DOCUMENT_ID, TRANSACTION_ID, JOB_DATE, JOB_TIME, JOB_STATUS, NUMBER_OF_COPIES, TOTAL_PRICE, PAGES_PER_SHEET, ROTATION_OPTION, DOUBLE_SIDED_TYPE, PRINT_COLOR, PAGE_RANGE)
VALUES (9, 109, 209, 309, TO_DATE('2023-12-24', 'YYYY-MM-DD'), '20:15:00', 'Completed', 7, 28.00, 2, 90, 'Long edge', 'Color', '15-17');

INSERT INTO PRINT_JOB (CUSTOMER_ID, KIOSK_ID, DOCUMENT_ID, TRANSACTION_ID, JOB_DATE, JOB_TIME, JOB_STATUS, NUMBER_OF_COPIES, TOTAL_PRICE, PAGES_PER_SHEET, ROTATION_OPTION, DOUBLE_SIDED_TYPE, PRINT_COLOR, PAGE_RANGE)
VALUES (10, 110, 210, 310, TO_DATE('2023-12-24', 'YYYY-MM-DD'), '21:10:00', 'Pending', 3, 12.00, 1, 0, 'None', 'Black and White', 'All');

INSERT INTO PRINT_JOB (CUSTOMER_ID, KIOSK_ID, DOCUMENT_ID, TRANSACTION_ID, JOB_DATE, JOB_TIME, JOB_STATUS, NUMBER_OF_COPIES, TOTAL_PRICE, PAGES_PER_SHEET, ROTATION_OPTION, DOUBLE_SIDED_TYPE, PRINT_COLOR, PAGE_RANGE)
VALUES (11, 101, 211, 311, TO_DATE('2023-12-25', 'YYYY-MM-DD'), '10:30:00', 'Pending', 5, 20.50, 2, 90, 'Long edge', 'Color', '1-4');

INSERT INTO PRINT_JOB (CUSTOMER_ID, KIOSK_ID, DOCUMENT_ID, TRANSACTION_ID, JOB_DATE, JOB_TIME, JOB_STATUS, NUMBER_OF_COPIES, TOTAL_PRICE, PAGES_PER_SHEET, ROTATION_OPTION, DOUBLE_SIDED_TYPE, PRINT_COLOR, PAGE_RANGE)
VALUES (12, 102, 212, 312, TO_DATE('2023-12-25', 'YYYY-MM-DD'), '11:45:00', 'Processing', 3, 15.75, 1, 0, 'None', 'Black and White', 'All');

INSERT INTO PRINT_JOB (CUSTOMER_ID, KIOSK_ID, DOCUMENT_ID, TRANSACTION_ID, JOB_DATE, JOB_TIME, JOB_STATUS, NUMBER_OF_COPIES, TOTAL_PRICE, PAGES_PER_SHEET, ROTATION_OPTION, DOUBLE_SIDED_TYPE, PRINT_COLOR, PAGE_RANGE)
VALUES (3, 103, 213, 313, TO_DATE('2023-12-25', 'YYYY-MM-DD'), '12:20:00', 'Completed', 10, 40.00, 4, 180, 'Short edge', 'Color', '1-10');

INSERT INTO PRINT_JOB (CUSTOMER_ID, KIOSK_ID, DOCUMENT_ID, TRANSACTION_ID, JOB_DATE, JOB_TIME, JOB_STATUS, NUMBER_OF_COPIES, TOTAL_PRICE, PAGES_PER_SHEET, ROTATION_OPTION, DOUBLE_SIDED_TYPE, PRINT_COLOR, PAGE_RANGE)
VALUES (14, 101, 214, 314, TO_DATE('2023-12-25', 'YYYY-MM-DD'), '13:10:00', 'Pending', 2, 8.00, 1, 0, 'None', 'Black and White', 'All');

INSERT INTO PRINT_JOB (CUSTOMER_ID, KIOSK_ID, DOCUMENT_ID, TRANSACTION_ID, JOB_DATE, JOB_TIME, JOB_STATUS, NUMBER_OF_COPIES, TOTAL_PRICE, PAGES_PER_SHEET, ROTATION_OPTION, DOUBLE_SIDED_TYPE, PRINT_COLOR, PAGE_RANGE)
VALUES (15, 105, 215, 315, TO_DATE('2023-12-25', 'YYYY-MM-DD'), '14:05:00', 'Processing', 8, 32.00, 2, 90, 'Long edge', 'Color', '5-6');

INSERT INTO PRINT_JOB (CUSTOMER_ID, KIOSK_ID, DOCUMENT_ID, TRANSACTION_ID, JOB_DATE, JOB_TIME, JOB_STATUS, NUMBER_OF_COPIES, TOTAL_PRICE, PAGES_PER_SHEET, ROTATION_OPTION, DOUBLE_SIDED_TYPE, PRINT_COLOR, PAGE_RANGE)
VALUES (16, 106, 216, 316, TO_DATE('2023-12-25', 'YYYY-MM-DD'), '15:30:00', 'Completed', 4, 16.00, 1, 0, 'None', 'Black and White', 'All');

INSERT INTO PRINT_JOB (CUSTOMER_ID, KIOSK_ID, DOCUMENT_ID, TRANSACTION_ID, JOB_DATE, JOB_TIME, JOB_STATUS, NUMBER_OF_COPIES, TOTAL_PRICE, PAGES_PER_SHEET, ROTATION_OPTION, DOUBLE_SIDED_TYPE, PRINT_COLOR, PAGE_RANGE)
VALUES (17, 107, 217, 317, TO_DATE('2023-12-25', 'YYYY-MM-DD'), '16:45:00', 'Pending', 6, 24.50, 4, 180, 'Short edge', 'Color', '9-15');

INSERT INTO PRINT_JOB (CUSTOMER_ID, KIOSK_ID, DOCUMENT_ID, TRANSACTION_ID, JOB_DATE, JOB_TIME, JOB_STATUS, NUMBER_OF_COPIES, TOTAL_PRICE, PAGES_PER_SHEET, ROTATION_OPTION, DOUBLE_SIDED_TYPE, PRINT_COLOR, PAGE_RANGE)
VALUES (18, 108, 218, 318, TO_DATE('2023-12-25', 'YYYY-MM-DD'), '17:20:00', 'Processing', 1, 4.00, 1, 0, 'None', 'Black and White', 'All'); 

-- Insert Data for CUSTOMER table
INSERT INTO CUSTOMER (CUSTOMER_ID, CUSTOMER_NAME, CUSTOMER_USERNAME, CUSTOMER_EMAIL, CUSTOMER_PHONE_NO, CUSTOMER_PASSWORD, CUSTOMER_STATUS, CUSTOMER_WORKPLACE, CUSTOMER_DEPARTMENT)
VALUES(1, 'TEE LI SHAN', 'lishan', 'lishan23@gmail.com', 60126557890, 'lishan7890', 'Student', 'Universiti Malaya', 'Faculty of Medicine');

INSERT INTO CUSTOMER (CUSTOMER_ID, CUSTOMER_NAME, CUSTOMER_USERNAME, CUSTOMER_EMAIL, CUSTOMER_PHONE_NO, CUSTOMER_PASSWORD, CUSTOMER_STATUS, CUSTOMER_WORKPLACE, CUSTOMER_DEPARTMENT)
VALUES(2, 'Lonny Anderson', 'lonnyA', 'lonny123@yahoo.com', 601145267384, 'Anderson123', 'Public User', 'Hong Leong Bank', '');

INSERT INTO CUSTOMER (CUSTOMER_ID, CUSTOMER_NAME, CUSTOMER_USERNAME, CUSTOMER_EMAIL, CUSTOMER_PHONE_NO, CUSTOMER_PASSWORD, CUSTOMER_STATUS, CUSTOMER_WORKPLACE, CUSTOMER_DEPARTMENT)
VALUES(3, 'Nur Firzanah Mohd Arsad', 'firzanah', 'firzanaharsad@gmail.com', 60138790070, 'Fir2003', 'Student', 'Universiti Malaya', 'Faculty of Engineering');

INSERT INTO CUSTOMER (CUSTOMER_ID, CUSTOMER_NAME, CUSTOMER_USERNAME, CUSTOMER_EMAIL, CUSTOMER_PHONE_NO, CUSTOMER_PASSWORD, CUSTOMER_STATUS, CUSTOMER_WORKPLACE, CUSTOMER_DEPARTMENT)
VALUES(4, 'Ivan Khirusman', 'vans', 'ivan2004@gmail.com', 60178594305, 'ivanlovemina', 'Student', 'Universiti Malaya', 'Faculty of Engineering');

INSERT INTO CUSTOMER (CUSTOMER_ID, CUSTOMER_NAME, CUSTOMER_USERNAME, CUSTOMER_EMAIL, CUSTOMER_PHONE_NO, CUSTOMER_PASSWORD, CUSTOMER_STATUS, CUSTOMER_WORKPLACE, CUSTOMER_DEPARTMENT)
VALUES(5, 'Aisyah Mardiah', 'aisyah', 'AisyahM@um.edu.my', 60178485622, 'aisyahpass', 'Staff', 'Universiti Malaya', '');

INSERT INTO CUSTOMER (CUSTOMER_ID, CUSTOMER_NAME, CUSTOMER_USERNAME, CUSTOMER_EMAIL, CUSTOMER_PHONE_NO, CUSTOMER_PASSWORD, CUSTOMER_STATUS, CUSTOMER_WORKPLACE, CUSTOMER_DEPARTMENT)
VALUES(6, 'Lee Xin Yuan', 'lxy', 'xinyuanlee@gmail.com', 601117885439, 'leexy2001', 'Student', 'Universiti Malaya', 'Faculty of Law');

INSERT INTO CUSTOMER (CUSTOMER_ID, CUSTOMER_NAME, CUSTOMER_USERNAME, CUSTOMER_EMAIL, CUSTOMER_PHONE_NO, CUSTOMER_PASSWORD, CUSTOMER_STATUS, CUSTOMER_WORKPLACE, CUSTOMER_DEPARTMENT)
VALUES(7, 'Fatima Sawayn', 'tima', 'tima99@gmail.com', 60127889056, 'fatima1999', 'Staff', 'Universiti Sains Islam Malaysia', '');

INSERT INTO CUSTOMER (CUSTOMER_ID, CUSTOMER_NAME, CUSTOMER_USERNAME, CUSTOMER_EMAIL, CUSTOMER_PHONE_NO, CUSTOMER_PASSWORD, CUSTOMER_STATUS, CUSTOMER_WORKPLACE, CUSTOMER_DEPARTMENT)
VALUES(8, 'Muhammad Aidil Nor Fadzli', 'aidil', 'aidilfadzli@gmail.com', 60197668571, 'Muhammadanf', 'Student', 'Universiti Sains Islam Malaysia', 'Faculty of Medicine and Health Sciences');

INSERT INTO CUSTOMER (CUSTOMER_ID, CUSTOMER_NAME, CUSTOMER_USERNAME, CUSTOMER_EMAIL, CUSTOMER_PHONE_NO, CUSTOMER_PASSWORD, CUSTOMER_STATUS, CUSTOMER_WORKPLACE, CUSTOMER_DEPARTMENT)
VALUES(9, 'Aini Izz izyan binti Abd Aziz', 'izyan', 'izyanaini02@gmail.com', 60198667560, 'Ainiizyan2002', 'Student', 'Universiti Sains Islam Malaysia', 'Faculty of Syariah and Law');

INSERT INTO CUSTOMER (CUSTOMER_ID, CUSTOMER_NAME, CUSTOMER_USERNAME, CUSTOMER_EMAIL, CUSTOMER_PHONE_NO, CUSTOMER_PASSWORD, CUSTOMER_STATUS, CUSTOMER_WORKPLACE, CUSTOMER_DEPARTMENT)
VALUES(10, 'Kevin Bard', 'Kevin', 'Kevin1992@gmail.com', 60190927312, 'kevin9292', 'Public User', 'Maxis Innovation Centre', '');

INSERT INTO CUSTOMER (CUSTOMER_ID, CUSTOMER_NAME, CUSTOMER_USERNAME, CUSTOMER_EMAIL, CUSTOMER_PHONE_NO, CUSTOMER_PASSWORD, CUSTOMER_STATUS, CUSTOMER_WORKPLACE, CUSTOMER_DEPARTMENT)
VALUES(11, 'Lim Sin Rhu', 'xinru', 'sinrhul@gmail.com', 60198875497, 'singrhunotxinru', 'Student', 'Universiti Malaya', 'Faculty of Law');

INSERT INTO CUSTOMER (CUSTOMER_ID, CUSTOMER_NAME, CUSTOMER_USERNAME, CUSTOMER_EMAIL, CUSTOMER_PHONE_NO, CUSTOMER_PASSWORD, CUSTOMER_STATUS, CUSTOMER_WORKPLACE, CUSTOMER_DEPARTMENT)
VALUES(12, 'ADRIAN NORIS', 'adrian', 'istriven@yahoo.com', 60133479886, 'istrivenisadrian', 'Staff', 'Shopee', 'Marketing department');

INSERT INTO CUSTOMER (CUSTOMER_ID, CUSTOMER_NAME, CUSTOMER_USERNAME, CUSTOMER_EMAIL, CUSTOMER_PHONE_NO, CUSTOMER_PASSWORD, CUSTOMER_STATUS, CUSTOMER_WORKPLACE, CUSTOMER_DEPARTMENT)
VALUES(13, 'TEE KUN SOON', 'bryan', 'teebryan@gmail.com', 60178323319, 'teekunsoon2002', 'Student', 'Universiti Malaya', 'Faculty of Engineering');

INSERT INTO CUSTOMER (CUSTOMER_ID, CUSTOMER_NAME, CUSTOMER_USERNAME, CUSTOMER_EMAIL, CUSTOMER_PHONE_NO, CUSTOMER_PASSWORD, CUSTOMER_STATUS, CUSTOMER_WORKPLACE, CUSTOMER_DEPARTMENT)
VALUES(14, 'Puteri Batrisya binti Azman', 'puteri', 'puteribatrisya@yahoo.com', 60177652213, 'puterikepadaAzman', 'Staff', 'Universiti Sains Islam malaysia', 'Pusat Keusahawanan dan Pembangunan Pelajar');

INSERT INTO CUSTOMER (CUSTOMER_ID, CUSTOMER_NAME, CUSTOMER_USERNAME, CUSTOMER_EMAIL, CUSTOMER_PHONE_NO, CUSTOMER_PASSWORD, CUSTOMER_STATUS, CUSTOMER_WORKPLACE, CUSTOMER_DEPARTMENT)
VALUES(15, 'Tan Yi Xuan', 'yxtan', 'yxtan@um.edu.my', 60198803477, 'Tanyx17@', 'Staff', 'Universiti Malaya', '');

INSERT INTO CUSTOMER (CUSTOMER_ID, CUSTOMER_NAME, CUSTOMER_USERNAME, CUSTOMER_EMAIL, CUSTOMER_PHONE_NO, CUSTOMER_PASSWORD, CUSTOMER_STATUS, CUSTOMER_WORKPLACE, CUSTOMER_DEPARTMENT)
VALUES(16, 'Akmal Fikri bin Zhamri', 'akmal', 'akmal@yahoo.com', 601117658890, 'fikri2468', 'Student', 'Universiti Sains Islam Malaysia', 'Faculty of Syariah and Law');

INSERT INTO CUSTOMER (CUSTOMER_ID, CUSTOMER_NAME, CUSTOMER_USERNAME, CUSTOMER_EMAIL, CUSTOMER_PHONE_NO, CUSTOMER_PASSWORD, CUSTOMER_STATUS, CUSTOMER_WORKPLACE, CUSTOMER_DEPARTMENT)
VALUES(17, 'Uzair bin Shahar', 'uzair19', 'uzair1819@gmail.com', 60181976602, 'Uzair999@', 'Student', 'Universiti Sains Islam Malaysia', 'Faculty of Science and Technology');

INSERT INTO CUSTOMER (CUSTOMER_ID, CUSTOMER_NAME, CUSTOMER_USERNAME, CUSTOMER_EMAIL, CUSTOMER_PHONE_NO, CUSTOMER_PASSWORD, CUSTOMER_STATUS, CUSTOMER_WORKPLACE, CUSTOMER_DEPARTMENT)
VALUES(18, 'Satish A/L Kumar', 'satish', 'satishkumar@gmail.com', 60178890143, 'satishkumar2000@', 'Student', 'Universiti Malaya', 'Faculty of Engineering');

-- Insert Data for KIOSK table
INSERT INTO KIOSK (KIOSK_ID, RECORD_ID, KIOSK_ADDRESS, KIOSK_STATUS)
VALUES (104, 021, 'Universiti Malaya', 'Active');

INSERT INTO KIOSK (KIOSK_ID, RECORD_ID, KIOSK_ADDRESS, KIOSK_STATUS)
VALUES (102, 022, 'Universiti Malaya', 'Not active');

INSERT INTO KIOSK (KIOSK_ID, RECORD_ID, KIOSK_ADDRESS, KIOSK_STATUS)
VALUES (103, 023, 'Universiti Malaya', 'Active');

INSERT INTO KIOSK (KIOSK_ID, RECORD_ID, KIOSK_ADDRESS, KIOSK_STATUS)
VALUES (101, 024, 'Universiti Malaya', 'Active');

INSERT INTO KIOSK (KIOSK_ID, RECORD_ID, KIOSK_ADDRESS, KIOSK_STATUS)
VALUES (105, 025, 'Universiti Malaya', 'Not active');

INSERT INTO KIOSK (KIOSK_ID, RECORD_ID, KIOSK_ADDRESS, KIOSK_STATUS)
VALUES (106, 026, 'Universiti Utara Malaysia', 'Active');

INSERT INTO KIOSK (KIOSK_ID, RECORD_ID, KIOSK_ADDRESS, KIOSK_STATUS)
VALUES (107, 027, 'Universiti Malaya', 'Active');

INSERT INTO KIOSK (KIOSK_ID, RECORD_ID, KIOSK_ADDRESS, KIOSK_STATUS)
VALUES (108, 028, 'Universiti Malaya', 'Active');

INSERT INTO KIOSK (KIOSK_ID, RECORD_ID, KIOSK_ADDRESS, KIOSK_STATUS)
VALUES (109, 019, 'Universiti Tun Hussein Onn Malaysia', 'Not active');

INSERT INTO KIOSK (KIOSK_ID, RECORD_ID, KIOSK_ADDRESS, KIOSK_STATUS)
VALUES (110, 020, 'Universiti Malaya', 'Active');

INSERT INTO KIOSK (KIOSK_ID, RECORD_ID, KIOSK_ADDRESS, KIOSK_STATUS)
VALUES (118, 011, 'Universiti Malaya', 'Not active');

INSERT INTO KIOSK (KIOSK_ID, RECORD_ID, KIOSK_ADDRESS, KIOSK_STATUS)
VALUES (111, 012, 'Universiti Utara Malaysia', 'Active');

INSERT INTO KIOSK (KIOSK_ID, RECORD_ID, KIOSK_ADDRESS, KIOSK_STATUS)
VALUES (117, 013, 'Universiti Malaya', 'Active');

INSERT INTO KIOSK (KIOSK_ID, RECORD_ID, KIOSK_ADDRESS, KIOSK_STATUS)
VALUES (113, 014, 'Universiti Sains Islam Malaysia', 'Active');

INSERT INTO KIOSK (KIOSK_ID, RECORD_ID, KIOSK_ADDRESS, KIOSK_STATUS)
VALUES (115, 015, 'Universiti Tun Hussein Onn Malaysia', 'Active');

INSERT INTO KIOSK (KIOSK_ID, RECORD_ID, KIOSK_ADDRESS, KIOSK_STATUS)
VALUES (116, 016, 'Universiti Malaya', 'Active');

INSERT INTO KIOSK (KIOSK_ID, RECORD_ID, KIOSK_ADDRESS, KIOSK_STATUS)
VALUES (112, 017, 'Universiti Malaya', 'Active');

INSERT INTO KIOSK (KIOSK_ID, RECORD_ID, KIOSK_ADDRESS, KIOSK_STATUS)
VALUES (114, 018, 'Universiti Sains Islam Malaysia', 'Active');